line_id,description,price_inr_per_piece
1,"Shipper carton, steam iron",5.56
2,"Shipper carton, dry iron",4.85
3,"Shipper carton, electric kettle 1.5L",8.55
4,"Shipper carton, hair dryer",6.07
5,"Shipper carton, beard trimmer (outer of 10)",9.4
6,"Shipper carton, pop-up toaster",9.83
7,"Shipper carton, sandwich maker",9.98
8,"Shipper carton, hand blender",5.53
9,"Shipper carton, electric lunch box",7.67
10,"Shipper carton, room heater (fan type)",9.59
11,"Shipper carton, mixer grinder 750W",36.65
12,"Shipper carton, mixer grinder 500W",32.1
13,"Shipper carton, juicer mixer grinder",41.57
14,"Shipper carton, induction cooktop",30.78
15,"Shipper carton, OTG 28L",63.66
16,"Shipper carton, OTG 19L",51.75
17,"Shipper carton, water purifier RO",56.59
18,"Shipper carton, ceiling fan 1200mm",33.22
19,"Shipper carton, pedestal fan",46.91
20,"Shipper carton, wall fan",46.54
21,"Shipper carton, exhaust fan (outer of 4)",65.19
22,"Shipper carton, rice cooker 1.8L",35.99
23,"Shipper carton, air fryer 4L",44.88
24,"Shipper carton, microwave 20L",54.72
25,"Heavy-duty carton, air cooler 50L",185.65
26,"Heavy-duty carton, storage geyser 25L",124.25
27,"Heavy-duty master carton, microwave (outer of 2)",141.41
28,"Partition set, glass jar (6 cell)",3.23
29,"Layer pad, 1000 x 1200 mm",21.66
30,"Die-cut insert tray, mixer grinder jars",3.99
